<Anims>
 <anim name="idle" root="ribbon_hat" numframes="125" framerate="40">
  <frame idx="0" w="417" h="374" x="-53.156799" y="-95.575531">
   <element name="swap_hat" layername="swap_hat" frame="3" z_index="2" m_a="0.797775" m_b="0.000000" m_c="0.000000" m_d="0.797760" m_tx="-0.199000" m_ty="-6.599000"/>
  </frame>
  <frame idx="25" w="417" h="374" x="-53.156799" y="-95.575531">
   <element name="swap_hat" layername="swap_hat" frame="3" z_index="2" m_a="0.797775" m_b="0.000000" m_c="0.000000" m_d="0.797760" m_tx="-0.199000" m_ty="-6.599000"/>
  </frame>
  <frame idx="50" w="417" h="374" x="-53.156799" y="-95.575531">
   <element name="swap_hat" layername="swap_hat" frame="3" z_index="2" m_a="0.797775" m_b="0.000000" m_c="0.000000" m_d="0.797760" m_tx="-0.199000" m_ty="-6.599000"/>
  </frame>
  <frame idx="75" w="417" h="374" x="-53.156799" y="-95.575531">
   <element name="swap_hat" layername="swap_hat" frame="3" z_index="2" m_a="0.797775" m_b="0.000000" m_c="0.000000" m_d="0.797760" m_tx="-0.199000" m_ty="-6.599000"/>
  </frame>
  <frame idx="100" w="417" h="374" x="-53.156799" y="-95.575531">
   <element name="swap_hat" layername="swap_hat" frame="3" z_index="2" m_a="0.797775" m_b="0.000000" m_c="0.000000" m_d="0.797760" m_tx="-0.199000" m_ty="-6.599000"/>
  </frame>
 </anim>
 <anim name="idle_water" root="ribbon_hat" numframes="1200" framerate="40">
  <frame idx="0" w="417" h="392" x="-53.156799" y="-111.278534">
   <element name="swap_hat_water" layername="swap_hat_water" frame="0" z_index="2" m_a="0.797775" m_b="0.000000" m_c="0.000000" m_d="0.797760" m_tx="-0.199000" m_ty="-6.599000"/>
  </frame>
  <frame idx="25" w="417" h="392" x="-53.035446" y="-111.159958">
   <element name="swap_hat_water" layername="swap_hat_water" frame="0" z_index="2" m_a="0.798370" m_b="0.000000" m_c="0.000000" m_d="0.797334" m_tx="-0.199000" m_ty="-6.415176"/>
  </frame>
  <frame idx="50" w="417" h="391" x="-52.910263" y="-111.039085">
   <element name="swap_hat_water" layername="swap_hat_water" frame="0" z_index="2" m_a="0.798984" m_b="0.000000" m_c="0.000000" m_d="0.796899" m_tx="-0.199000" m_ty="-6.227788"/>
  </frame>
  <frame idx="75" w="418" h="391" x="-52.783646" y="-110.916328">
   <element name="swap_hat_water" layername="swap_hat_water" frame="0" z_index="2" m_a="0.799604" m_b="0.000000" m_c="0.000000" m_d="0.796463" m_tx="-0.199000" m_ty="-6.038394"/>
  </frame>
  <frame idx="100" w="418" h="391" x="-52.658630" y="-110.792305">
   <element name="swap_hat_water" layername="swap_hat_water" frame="0" z_index="2" m_a="0.800217" m_b="0.000000" m_c="0.000000" m_d="0.796036" m_tx="-0.199000" m_ty="-5.849000"/>
  </frame>
  <frame idx="125" w="418" h="391" x="-52.535034" y="-110.636978">
   <element name="swap_hat_water" layername="swap_hat_water" frame="0" z_index="2" m_a="0.800823" m_b="0.000000" m_c="0.000000" m_d="0.795610" m_tx="-0.199000" m_ty="-5.628412"/>
  </frame>
  <frame idx="150" w="418" h="390" x="-52.412094" y="-110.502869">
   <element name="swap_hat_water" layername="swap_hat_water" frame="0" z_index="2" m_a="0.801425" m_b="0.000000" m_c="0.000000" m_d="0.795175" m_tx="-0.199000" m_ty="-5.427788"/>
  </frame>
  <frame idx="175" w="418" h="390" x="-52.287994" y="-110.356461">
   <element name="swap_hat_water" layername="swap_hat_water" frame="0" z_index="2" m_a="0.802034" m_b="0.000000" m_c="0.000000" m_d="0.794735" m_tx="-0.199000" m_ty="-5.214151"/>
  </frame>
  <frame idx="200" w="418" h="390" x="-52.160660" y="-110.158531">
   <element name="swap_hat_water" layername="swap_hat_water" frame="0" z_index="2" m_a="0.802658" m_b="0.000000" m_c="0.000000" m_d="0.794296" m_tx="-0.199000" m_ty="-4.949000"/>
  </frame>
  <frame idx="225" w="418" h="389" x="-52.039322" y="-110.038162">
   <element name="swap_hat_water" layername="swap_hat_water" frame="0" z_index="2" m_a="0.803253" m_b="0.000000" m_c="0.000000" m_d="0.793881" m_tx="-0.199000" m_ty="-4.765176"/>
  </frame>
  <frame idx="250" w="418" h="389" x="-51.914124" y="-109.892395">
   <element name="swap_hat_water" layername="swap_hat_water" frame="0" z_index="2" m_a="0.803867" m_b="0.000000" m_c="0.000000" m_d="0.793451" m_tx="-0.199000" m_ty="-4.553545"/>
  </frame>
  <frame idx="275" w="420" h="389" x="-51.786774" y="-109.744469">
   <element name="swap_hat_water" layername="swap_hat_water" frame="0" z_index="2" m_a="0.804491" m_b="0.000000" m_c="0.000000" m_d="0.793011" m_tx="-0.199000" m_ty="-4.338394"/>
  </frame>
  <frame idx="300" w="420" h="389" x="-51.659439" y="-109.622299">
   <element name="swap_hat_water" layername="swap_hat_water" frame="0" z_index="2" m_a="0.805115" m_b="0.000000" m_c="0.000000" m_d="0.792572" m_tx="-0.199000" m_ty="-4.149000"/>
  </frame>
  <frame idx="325" w="420" h="388" x="-51.538239" y="-109.503723">
   <element name="swap_hat_water" layername="swap_hat_water" frame="0" z_index="2" m_a="0.805709" m_b="0.000000" m_c="0.000000" m_d="0.792146" m_tx="-0.199000" m_ty="-3.965177"/>
  </frame>
  <frame idx="350" w="420" h="388" x="-51.416061" y="-109.358604">
   <element name="swap_hat_water" layername="swap_hat_water" frame="0" z_index="2" m_a="0.806308" m_b="0.000000" m_c="0.000000" m_d="0.791711" m_tx="-0.199000" m_ty="-3.753545"/>
  </frame>
  <frame idx="375" w="420" h="388" x="-51.291138" y="-109.222221">
   <element name="swap_hat_water" layername="swap_hat_water" frame="0" z_index="2" m_a="0.806920" m_b="0.000000" m_c="0.000000" m_d="0.791275" m_tx="-0.199000" m_ty="-3.550515"/>
  </frame>
  <frame idx="400" w="420" h="388" x="-51.161469" y="-109.136070">
   <element name="swap_hat_water" layername="swap_hat_water" frame="0" z_index="2" m_a="0.807556" m_b="0.000000" m_c="0.000000" m_d="0.790848" m_tx="-0.199000" m_ty="-3.399000"/>
  </frame>
  <frame idx="425" w="420" h="387" x="-51.040131" y="-108.980728">
   <element name="swap_hat_water" layername="swap_hat_water" frame="0" z_index="2" m_a="0.808151" m_b="0.000000" m_c="0.000000" m_d="0.790422" m_tx="-0.199000" m_ty="-3.178412"/>
  </frame>
  <frame idx="450" w="420" h="387" x="-50.916412" y="-108.846619">
   <element name="swap_hat_water" layername="swap_hat_water" frame="0" z_index="2" m_a="0.808757" m_b="0.000000" m_c="0.000000" m_d="0.789987" m_tx="-0.199000" m_ty="-2.977788"/>
  </frame>
  <frame idx="475" w="421" h="387" x="-50.790649" y="-108.712341">
   <element name="swap_hat_water" layername="swap_hat_water" frame="0" z_index="2" m_a="0.809374" m_b="0.000000" m_c="0.000000" m_d="0.789547" m_tx="-0.199000" m_ty="-2.776273"/>
  </frame>
  <frame idx="500" w="421" h="387" x="-50.663300" y="-108.552292">
   <element name="swap_hat_water" layername="swap_hat_water" frame="0" z_index="2" m_a="0.809998" m_b="0.000000" m_c="0.000000" m_d="0.789108" m_tx="-0.199000" m_ty="-2.549000"/>
  </frame>
  <frame idx="525" w="421" h="385" x="-50.542099" y="-108.395157">
   <element name="swap_hat_water" layername="swap_hat_water" frame="0" z_index="2" m_a="0.810592" m_b="0.000000" m_c="0.000000" m_d="0.788693" m_tx="-0.199000" m_ty="-2.328412"/>
  </frame>
  <frame idx="550" w="421" h="385" x="-50.416977" y="-108.236160">
   <element name="swap_hat_water" layername="swap_hat_water" frame="0" z_index="2" m_a="0.811206" m_b="0.000000" m_c="0.000000" m_d="0.788263" m_tx="-0.199000" m_ty="-2.103545"/>
  </frame>
  <frame idx="575" w="421" h="385" x="-50.290359" y="-108.088234">
   <element name="swap_hat_water" layername="swap_hat_water" frame="0" z_index="2" m_a="0.811826" m_b="0.000000" m_c="0.000000" m_d="0.787823" m_tx="-0.199000" m_ty="-1.888394"/>
  </frame>
  <frame idx="600" w="421" h="384" x="-50.165329" y="-107.966072">
   <element name="swap_hat_water" layername="swap_hat_water" frame="0" z_index="2" m_a="0.812439" m_b="0.000000" m_c="0.000000" m_d="0.787384" m_tx="-0.199000" m_ty="-1.699000"/>
  </frame>
  <frame idx="625" w="421" h="385" x="-50.295837" y="-108.118019">
   <element name="swap_hat_water" layername="swap_hat_water" frame="0" z_index="2" m_a="0.811799" m_b="0.000000" m_c="0.000000" m_d="0.787833" m_tx="-0.199000" m_ty="-1.919588"/>
  </frame>
  <frame idx="650" w="421" h="385" x="-50.427277" y="-108.272858">
   <element name="swap_hat_water" layername="swap_hat_water" frame="0" z_index="2" m_a="0.811155" m_b="0.000000" m_c="0.000000" m_d="0.788290" m_tx="-0.199000" m_ty="-2.144454"/>
  </frame>
  <frame idx="675" w="421" h="385" x="-50.560059" y="-108.417236">
   <element name="swap_hat_water" layername="swap_hat_water" frame="0" z_index="2" m_a="0.810504" m_b="0.000000" m_c="0.000000" m_d="0.788753" m_tx="-0.199000" m_ty="-2.359606"/>
  </frame>
  <frame idx="700" w="421" h="387" x="-50.694519" y="-108.535912">
   <element name="swap_hat_water" layername="swap_hat_water" frame="0" z_index="2" m_a="0.809845" m_b="0.000000" m_c="0.000000" m_d="0.789215" m_tx="-0.199000" m_ty="-2.549000"/>
  </frame>
  <frame idx="725" w="420" h="387" x="-50.822769" y="-108.686089">
   <element name="swap_hat_water" layername="swap_hat_water" frame="0" z_index="2" m_a="0.809216" m_b="0.000000" m_c="0.000000" m_d="0.789675" m_tx="-0.199000" m_ty="-2.769588"/>
  </frame>
  <frame idx="750" w="420" h="387" x="-50.954880" y="-108.841469">
   <element name="swap_hat_water" layername="swap_hat_water" frame="0" z_index="2" m_a="0.808569" m_b="0.000000" m_c="0.000000" m_d="0.790129" m_tx="-0.199000" m_ty="-2.994454"/>
  </frame>
  <frame idx="775" w="420" h="387" x="-51.088501" y="-108.999207">
   <element name="swap_hat_water" layername="swap_hat_water" frame="0" z_index="2" m_a="0.807914" m_b="0.000000" m_c="0.000000" m_d="0.790584" m_tx="-0.199000" m_ty="-3.221727"/>
  </frame>
  <frame idx="800" w="420" h="388" x="-51.220627" y="-109.155777">
   <element name="swap_hat_water" layername="swap_hat_water" frame="0" z_index="2" m_a="0.807266" m_b="0.000000" m_c="0.000000" m_d="0.791046" m_tx="-0.199000" m_ty="-3.449000"/>
  </frame>
  <frame idx="825" w="420" h="388" x="-51.351120" y="-109.270981">
   <element name="swap_hat_water" layername="swap_hat_water" frame="0" z_index="2" m_a="0.806626" m_b="0.000000" m_c="0.000000" m_d="0.791495" m_tx="-0.199000" m_ty="-3.632823"/>
  </frame>
  <frame idx="850" w="420" h="388" x="-51.482574" y="-109.412575">
   <element name="swap_hat_water" layername="swap_hat_water" frame="0" z_index="2" m_a="0.805982" m_b="0.000000" m_c="0.000000" m_d="0.791952" m_tx="-0.199000" m_ty="-3.844455"/>
  </frame>
  <frame idx="875" w="420" h="389" x="-51.615341" y="-109.568512">
   <element name="swap_hat_water" layername="swap_hat_water" frame="0" z_index="2" m_a="0.805331" m_b="0.000000" m_c="0.000000" m_d="0.792419" m_tx="-0.199000" m_ty="-4.071727"/>
  </frame>
  <frame idx="900" w="420" h="389" x="-51.749802" y="-109.723343">
   <element name="swap_hat_water" layername="swap_hat_water" frame="0" z_index="2" m_a="0.804672" m_b="0.000000" m_c="0.000000" m_d="0.792892" m_tx="-0.199000" m_ty="-4.299000"/>
  </frame>
  <frame idx="925" w="418" h="389" x="-51.877899" y="-109.876877">
   <element name="swap_hat_water" layername="swap_hat_water" frame="0" z_index="2" m_a="0.804044" m_b="0.000000" m_c="0.000000" m_d="0.793330" m_tx="-0.199000" m_ty="-4.519588"/>
  </frame>
  <frame idx="950" w="418" h="389" x="-52.010071" y="-110.008110">
   <element name="swap_hat_water" layername="swap_hat_water" frame="0" z_index="2" m_a="0.803396" m_b="0.000000" m_c="0.000000" m_d="0.793784" m_tx="-0.199000" m_ty="-4.720212"/>
  </frame>
  <frame idx="975" w="418" h="390" x="-52.143738" y="-110.138916">
   <element name="swap_hat_water" layername="swap_hat_water" frame="0" z_index="2" m_a="0.802741" m_b="0.000000" m_c="0.000000" m_d="0.794246" m_tx="-0.199000" m_ty="-4.921727"/>
  </frame>
  <frame idx="1000" w="418" h="390" x="-52.275726" y="-110.295494">
   <element name="swap_hat_water" layername="swap_hat_water" frame="0" z_index="2" m_a="0.802094" m_b="0.000000" m_c="0.000000" m_d="0.794708" m_tx="-0.199000" m_ty="-5.149000"/>
  </frame>
  <frame idx="1025" w="418" h="390" x="-52.403961" y="-110.447334">
   <element name="swap_hat_water" layername="swap_hat_water" frame="0" z_index="2" m_a="0.801465" m_b="0.000000" m_c="0.000000" m_d="0.795157" m_tx="-0.199000" m_ty="-5.369588"/>
  </frame>
  <frame idx="1050" w="418" h="391" x="-52.536179" y="-110.601097">
   <element name="swap_hat_water" layername="swap_hat_water" frame="0" z_index="2" m_a="0.800817" m_b="0.000000" m_c="0.000000" m_d="0.795622" m_tx="-0.199000" m_ty="-5.594455"/>
  </frame>
  <frame idx="1075" w="418" h="391" x="-52.670593" y="-110.744919">
   <element name="swap_hat_water" layername="swap_hat_water" frame="0" z_index="2" m_a="0.800158" m_b="0.000000" m_c="0.000000" m_d="0.796088" m_tx="-0.199000" m_ty="-5.809606"/>
  </frame>
  <frame idx="1100" w="418" h="391" x="-52.804901" y="-110.865341">
   <element name="swap_hat_water" layername="swap_hat_water" frame="0" z_index="2" m_a="0.799500" m_b="0.000000" m_c="0.000000" m_d="0.796539" m_tx="-0.199000" m_ty="-5.999000"/>
  </frame>
  <frame idx="1125" w="417" h="391" x="-52.933136" y="-111.017204">
   <element name="swap_hat_water" layername="swap_hat_water" frame="0" z_index="2" m_a="0.798871" m_b="0.000000" m_c="0.000000" m_d="0.796988" m_tx="-0.199000" m_ty="-6.219588"/>
  </frame>
  <frame idx="1150" w="417" h="392" x="-53.065353" y="-111.172073">
   <element name="swap_hat_water" layername="swap_hat_water" frame="0" z_index="2" m_a="0.798223" m_b="0.000000" m_c="0.000000" m_d="0.797446" m_tx="-0.199000" m_ty="-6.444454"/>
  </frame>
  <frame idx="1175" w="417" h="392" x="-53.156799" y="-111.278534">
   <element name="swap_hat_water" layername="swap_hat_water" frame="0" z_index="2" m_a="0.797775" m_b="0.000000" m_c="0.000000" m_d="0.797760" m_tx="-0.199000" m_ty="-6.599000"/>
  </frame>
 </anim>
</Anims>
